{
  "project_info": {
    "project_number": "854733237490",
    "project_id": "final-ciis-app",
    "storage_bucket": "final-ciis-app.appspot.com"
  },
  "client": [
    {
      "client_info": {
        "mobilesdk_app_id": "1:854733237490:android:05e59b1652309d54d7f46b",
        "android_client_info": {
          "package_name": "com.example.finalapp"
        }
      },
      "oauth_client": [],
      "api_key": [
        {
          "current_key": "AIzaSyBnjTS2KcgUPdH5Rk-AzbDWuZ_yFlBigxY"
        }
      ],
      "services": {
        "appinvite_service": {
          "other_platform_oauth_client": []
        }
      }
    }
  ],
  "configuration_version": "1"
}